{
    "fixed_costs": 123.846153846154,
    "total_costs": 1329.48970184615,
    "total_distance": 2198365,
    "tour_durations": {
        "0, 0": 12094,
        "0, 1": 9682,
        "0, 2": 9988,
        "0, 3": 9682,
        "0, 4": 7240,
        "0, 5": 13524,
        "0, 6": 11900,
        "0, 7": 9166,
        "0, 8": 9130.35,
        "1, 0": 20800,
        "1, 2": 9988,
        "1, 3": 7420.95,
        "1, 4": 6056.9,
        "1, 5": 5889,
        "1, 6": 17888,
        "1, 7": 14101,
        "1, 9": 8926,
        "2, 0": 5844,
        "2, 2": 9988,
        "2, 3": 9130.35,
        "2, 4": 3843,
        "2, 6": 5844,
        "3, 1": 7527,
        "3, 2": 8147,
        "3, 3": 12359,
        "3, 4": 13768,
        "3, 5": 6253,
        "3, 6": 8960.9,
        "3, 7": 15966,
        "3, 8": 6253,
        "4, 0": 5003,
        "4, 2": 9988,
        "4, 3": 10321,
        "4, 4": 5844,
        "4, 5": 9130.35,
        "4, 6": 10605,
        "4, 9": 6134
    },
    "tours": {
        "0, 0": [
            {
                "delivery": [3070, 0, 0],
                "index": 25,
                "name": "TOULOUSE NEGOGOUSSES",
                "norvegiennes": 0,
                "palettes": [5, 0, 0],
                "stop_type": "Livraison"
            },
            {
                "delivery": [0, 0, 0],
                "index": 0,
                "name": "TOULOUSE SEMINAIRE",
                "norvegiennes": 0,
                "palettes": [0, 0, 0],
                "stop_type": "Livraison"
            },
            {
                "delivery": [1343, 0, 0],
                "index": 17,
                "name": "PIBRAC",
                "norvegiennes": 0,
                "palettes": [2, 0, 0],
                "stop_type": "Livraison"
            }
        ],
        "0, 1": [
            {
                "delivery": [367, 0, 35],
                "index": 19,
                "name": "PORTET SUR GARONNE",
                "norvegiennes": 1,
                "palettes": [1, 0, 0],
                "stop_type": "Livraison"
            },
            {
                "delivery": [1334, 0, 36],
                "index": 16,
                "name": "MURET",
                "norvegiennes": 1,
                "palettes": [2, 0, 0],
                "stop_type": "Livraison"
            }
        ],
        "0, 2": [
            {
                "delivery": [0, 0, 0],
                "index": 26,
                "name": "TOULOUSE REVEL MALEPERE",
                "norvegiennes": 0,
                "palettes": [0, 0, 0],
                "stop_type": "Liv_Ramasse"
            },
            { "index": 30, "name": "LECLERC ST ORENS", "stop_type": "Ramasse" },
            { "index": 31, "name": "SUPER U FLOURENS", "stop_type": "Ramasse" }
        ],
        "0, 3": [
            {
                "delivery": [0, 129, 27],
                "index": 19,
                "name": "PORTET SUR GARONNE",
                "norvegiennes": 1,
                "palettes": [0, 0.5, 0],
                "stop_type": "Livraison"
            },
            {
                "delivery": [0, 677, 77],
                "index": 16,
                "name": "MURET",
                "norvegiennes": 2,
                "palettes": [0, 2, 0],
                "stop_type": "Livraison"
            }
        ],
        "0, 4": [
            {
                "delivery": [676, 191, 122],
                "index": 10,
                "name": "FONSORBES",
                "norvegiennes": 0,
                "palettes": [1, 1, 0.5],
                "stop_type": "Livraison"
            }
        ],
        "0, 5": [
            {
                "delivery": [0, 611, 0],
                "index": 25,
                "name": "TOULOUSE NEGOGOUSSES",
                "norvegiennes": 0,
                "palettes": [0, 2, 0],
                "stop_type": "Livraison"
            },
            { "index": 32, "name": "LECLERC BLAGNAC", "stop_type": "Ramasse" },
            {
                "delivery": [0, 0, 0],
                "index": 0,
                "name": "TOULOUSE SEMINAIRE",
                "norvegiennes": 0,
                "palettes": [0, 0, 0],
                "stop_type": "Livraison"
            },
            {
                "delivery": [0, 327, 261],
                "index": 25,
                "name": "TOULOUSE NEGOGOUSSES",
                "norvegiennes": 0,
                "palettes": [0, 1, 0.5],
                "stop_type": "Livraison"
            }
        ],
        "0, 6": [
            {
                "delivery": [303, 249, 29],
                "index": 18,
                "name": "PLAISANCE DU TOUCH",
                "norvegiennes": 1,
                "palettes": [1, 1, 0],
                "stop_type": "Livraison"
            },
            {
                "delivery": [287, 131, 58],
                "index": 5,
                "name": "CARBONNE",
                "norvegiennes": 2,
                "palettes": [1, 0.5, 0],
                "stop_type": "Livraison"
            }
        ],
        "0, 7": [
            {
                "delivery": [0, 444, 109],
                "index": 20,
                "name": "REVEL",
                "norvegiennes": 4,
                "palettes": [0, 1.5, 0],
                "stop_type": "Livraison"
            }
        ],
        "0, 8": [
            { "index": 33, "name": "LECLERC ROUFFIAC", "stop_type": "Ramasse" },
            { "index": 36, "name": "INTER LA VACHE", "stop_type": "Ramasse" },
            { "index": 37, "name": "METRO", "stop_type": "Ramasse" }
        ],
        "1, 0": [
            {
                "delivery": [401, 0, 0],
                "index": 22,
                "name": "SALIES DU SALAT",
                "norvegiennes": 0,
                "palettes": [1, 0, 0],
                "stop_type": "Livraison"
            },
            {
                "delivery": [1309, 0, 0],
                "index": 23,
                "name": "ST GAUDENS",
                "norvegiennes": 0,
                "palettes": [2, 0, 0],
                "stop_type": "Livraison"
            },
            {
                "delivery": [0, 0, 0],
                "index": 15,
                "name": "MONTREJEAU",
                "norvegiennes": 0,
                "palettes": [0, 0, 0],
                "stop_type": "Livraison"
            },
            {
                "delivery": [406, 0, 0],
                "index": 6,
                "name": "CAZERES",
                "norvegiennes": 0,
                "palettes": [1, 0, 0],
                "stop_type": "Livraison"
            }
        ],
        "1, 2": [
            {
                "delivery": [0, 0, 0],
                "index": 26,
                "name": "TOULOUSE REVEL MALEPERE",
                "norvegiennes": 0,
                "palettes": [0, 0, 0],
                "stop_type": "Liv_Ramasse"
            },
            { "index": 30, "name": "LECLERC ST ORENS", "stop_type": "Ramasse" },
            { "index": 31, "name": "SUPER U FLOURENS", "stop_type": "Ramasse" }
        ],
        "1, 3": [
            {
                "delivery": [0, 83, 60],
                "index": 27,
                "name": "TOURNEFEUILLE",
                "norvegiennes": 2,
                "palettes": [0, 0.5, 0],
                "stop_type": "Livraison"
            },
            { "index": 36, "name": "INTER LA VACHE", "stop_type": "Ramasse" }
        ],
        "1, 4": [
            {
                "delivery": [717, 205, 71],
                "index": 9,
                "name": "FENOUILLET",
                "norvegiennes": 2,
                "palettes": [1, 1, 0],
                "stop_type": "Livraison"
            },
            { "index": 37, "name": "METRO", "stop_type": "Ramasse" }
        ],
        "1, 5": [
            {
                "delivery": [0, 324, 36],
                "index": 27,
                "name": "TOURNEFEUILLE",
                "norvegiennes": 1,