{
    "fixed_costs": 112.692307692308,
    "total_costs": 1170.60410569231,
    "total_distance": 1977549,
    "tour_durations": {
        "0, 0": 15480,
        "0, 11": 5857,
        "0, 2": 9988,
        "0, 3": 14729,
        "0, 4": 9682,
        "0, 6": 12137,
        "0, 7": 8493.85,
        "0, 8": 14887,
        "1, 1": 17640,
        "1, 11": 8926,
        "1, 2": 9988,
        "1, 3": 7420.95,
        "1, 4": 6056.9,
        "1, 6": 14320,
        "1, 8": 13345,
        "2, 0": 5844,
        "2, 2": 9988,
        "2, 3": 4986.6,
        "2, 6": 5844,
        "2, 7": 7280,
        "3, 1": 4619,
        "3, 2": 8147,
        "3, 3": 14401,
        "3, 4": 14543.55,
        "3, 6": 16070,
        "3, 7": 11072,
        "4, 0": 5003,
        "4, 2": 9151,
        "4, 3": 10384,
        "4, 4": 10175,
        "4, 6": 16117,
        "4, 8": 8493.85
    },
    "tours": {
        "0, 0": [
            {
                "delivery": [2071, 0, 0],
                "index": 17,
                "name": "PIBRAC",
                "norvegiennes": 0,
                "palettes": [3, 0, 0],
                "stop_type": "Livraison"
            },
            {
                "delivery": [611, 0, 0],
                "index": 10,
                "name": "FONSORBES",
                "norvegiennes": 0,
                "palettes": [1, 0, 0],
                "stop_type": "Livraison"
            },
            {
                "delivery": [1166, 0, 0],
                "index": 16,
                "name": "MURET",
                "norvegiennes": 0,
                "palettes": [2, 0, 0],
                "stop_type": "Livraison"
            },
            {
                "delivery": [2647, 0, 0],
                "index": 25,
                "name": "TOULOUSE NEGOGOUSSES",
                "norvegiennes": 0,
                "palettes": [4, 0, 0],
                "stop_type": "Livraison"
            }
        ],
        "0, 11": [
            {
                "delivery": [709, 0, 35],
                "index": 19,
                "name": "PORTET SUR GARONNE",
                "norvegiennes": 1,
                "palettes": [1, 0, 0],
                "stop_type": "Livraison"
            }
        ],
        "0, 2": [
            {
                "delivery": [0, 0, 0],
                "index": 26,
                "name": "TOULOUSE REVEL MALEPERE",
                "norvegiennes": 0,
                "palettes": [0, 0, 0],
                "stop_type": "Liv_Ramasse"
            },
            { "index": 30, "name": "LECLERC ST ORENS", "stop_type": "Ramasse" },
            { "index": 31, "name": "SUPER U FLOURENS", "stop_type": "Ramasse" }
        ],
        "0, 3": [
            { "index": 33, "name": "LECLERC ROUFFIAC", "stop_type": "Ramasse" },
            {
                "delivery": [0, 0, 0],
                "index": 0,
                "name": "TOULOUSE SEMINAIRE",
                "norvegiennes": 0,
                "palettes": [0, 0, 0],
                "stop_type": "Livraison"
            },
            {
                "delivery": [300, 193, 40],
                "index": 18,
                "name": "PLAISANCE DU TOUCH",
                "norvegiennes": 2,
                "palettes": [1, 0.5, 0],
                "stop_type": "Livraison"
            },
            {
                "delivery": [0, 417, 0],
                "index": 25,
                "name": "TOULOUSE NEGOGOUSSES",
                "norvegiennes": 0,
                "palettes": [0, 1.5, 0],
                "stop_type": "Livraison"
            }
        ],
        "0, 4": [
            {
                "delivery": [81, 262, 36],
                "index": 19,
                "name": "PORTET SUR GARONNE",
                "norvegiennes": 1,
                "palettes": [1, 1, 0],
                "stop_type": "Livraison"
            },
            {
                "delivery": [0, 665, 92],
                "index": 16,
                "name": "MURET",
                "norvegiennes": 3,
                "palettes": [0, 2, 0],
                "stop_type": "Livraison"
            }
        ],
        "0, 6": [
            {
                "delivery": [0, 272, 86],
                "index": 10,
                "name": "FONSORBES",
                "norvegiennes": 3,
                "palettes": [0, 1, 0],
                "stop_type": "Livraison"
            },
            {
                "delivery": [411, 204, 45],
                "index": 5,
                "name": "CARBONNE",
                "norvegiennes": 2,
                "palettes": [1, 1, 0],
                "stop_type": "Livraison"
            }
        ],
        "0, 7": [
            { "index": 36, "name": "INTER LA VACHE", "stop_type": "Ramasse" },
            { "index": 37, "name": "METRO", "stop_type": "Ramasse" },
            { "index": 32, "name": "LECLERC BLAGNAC", "stop_type": "Ramasse" }
        ],
        "0, 8": [
            {
                "delivery": [0, 667, 234],
                "index": 25,
                "name": "TOULOUSE NEGOGOUSSES",
                "norvegiennes": 0,
                "palettes": [0, 2, 0.5],
                "stop_type": "Livraison"
            },
            {
                "delivery": [0, 0, 0],
                "index": 0,
                "name": "TOULOUSE SEMINAIRE",
                "norvegiennes": 0,
                "palettes": [0, 0, 0],
                "stop_type": "Livraison"
            },
            {
                "delivery": [294, 343, 79],
                "index": 20,
                "name": "REVEL",
                "norvegiennes": 3,
                "palettes": [1, 1.5, 0],
                "stop_type": "Livraison"
            }
        ],
        "1, 1": [
            {
                "delivery": [274, 0, 33],
                "index": 15,
                "name": "MONTREJEAU",
                "norvegiennes": 1,
                "palettes": [1, 0, 0],
                "stop_type": "Livraison"
            },
            {
                "delivery": [1567, 0, 0],
                "index": 23,
                "name": "ST GAUDENS",
                "norvegiennes": 0,
                "palettes": [3, 0, 0],
                "stop_type": "Livraison"
            },
            {
                "delivery": [502, 0, 36],
                "index": 6,
                "name": "CAZERES",
                "norvegiennes": 1,
                "palettes": [1, 0, 0],
                "stop_type": "Livraison"
            }
        ],
        "1, 11": [
            {
                "delivery": [538, 0, 280],
                "index": 3,
                "name": "BESSIERES",
                "norvegiennes": 8,
                "palettes": [1, 0, 0],
                "stop_type": "Livraison"
            },
            { "index": 33, "name": "LECLERC ROUFFIAC", "stop_type": "Ramasse" }
        ],
        "1, 2": [
            {
                "delivery": [0, 0, 0],
                "index": 26,
                "name": "TOULOUSE REVEL MALEPERE",
                "norvegiennes": 0,
                "palettes": [0, 0, 0],
                "stop_type": "Liv_Ramasse"
            },
            { "index": 30, "name": "LECLERC ST ORENS", "stop_type": "Ramasse" },
            { "index": 31, "name": "SUPER U FLOURENS", "stop_type": "Ramasse" }
        ],
        "1, 3": [
            {
                "delivery": [0, 540, 81],
                "index": 27,
                "name": "TOURNEFEUILLE",
                "norvegiennes": 3,
                "palettes": [0, 1.5, 0],
                "stop_type": "Livraison"
            },
            { "index": 36, "name": "INTER LA VACHE", "stop_type": "Ramasse" }
        ],
        "1, 4": [
            {
                "delivery": [733, 246, 55],
                "index": 9,
                "name": "FENOUILLET",
                "norvegiennes": 2,
                "palettes": [1, 1, 0],
                "stop_type": "Livraison"
            },
            { "index": 37, "name": "METRO",