{"0":{"recourses":1,"status":"FEASIBLE","total_costs":1303.72223384615,"tours":[[[19,-1,12],[14,11],[20,24,25],[14,11],[7],[19,26,-1,19],[13,3],[15],[27],[],[],[]],[[10,17,16,4],[],[20,24,25],[21],[6],[21],[10,17,4],[16,17],[],[1],[],[]],[[29],[],[20,24,25],[27],[23],[],[28],[],[],[],[],[]],[[],[2,18],[24,25],[2,26],[12,9,-1,12],[8],[18],[0,-1,22],[8],[],[],[]],[[20],[],[20,24,25],[26,-1,19],[28],[27],[20,5,23],[],[],[5],[],[]]]},"1":{"recourses":4,"status":"FEASIBLE","total_costs":1308.60024984615,"tours":[[[12,-1,19],[14,11],[20,24,25],[14,11],[19,-1,13,7],[12,26,-1,19],[13,3],[15],[27],[],[],[]],[[10,17,16,4],[],[20,24,25],[21],[6],[21],[10,17,4],[16,17],[],[6,1],[],[]],[[29],[],[20,24,25],[27],[23],[],[28],[],[],[],[],[]],[[],[2,18],[24,25],[2,26],[18,-1,12,9],[8],[18],[0,-1,22],[8],[],[],[]],[[20],[],[20,24,25],[26,-1,19],[28],[27],[20,5,23],[],[],[5],[],[]]]},"2":{"recourses":0,"status":"FEASIBLE","total_costs":1303.13442584615,"tours":[[[19,-1,12],[14,11],[20,24,25],[14,11],[7],[19,26,-1,19],[13,3],[15],[27],[],[],[]],[[10,17,16,4],[],[20,24,25],[21],[6],[21],[10,17,4],[16,17],[],[1],[],[]],[[29],[],[20,24,25],[27],[23],[],[28],[],[],[],[],[]],[[],[2,18],[24,25],[2,26],[12,-1,9],[8],[18],[22,-1,0],[8],[],[],[]],[[20],[],[20,24,25],[26,-1,19],[28],[27],[20,5,23],[],[],[5],[],[]]]},"3":{"recourses":2,"status":"FEASIBLE","total_costs":1333.00312184615,"tours":[[[12,-1,19],[14,11],[20,24,25],[11,3,14],[7],[19,26,-1,19],[13,3],[15],[27],[],[],[]],[[10,17,16,4],[],[20,24,25],[21],[6],[21],[10,17,4],[16,17],[],[1],[],[]],[[29],[],[20,24,25],[27],[23],[],[28],[],[],[],[],[]],[[],[2,18],[24,25],[2,26],[9,-1,12],[8],[18],[22,-1,0],[8],[],[],[]],[[20],[],[20,24,25],[26,-1,19],[28],[27],[5,23,-1,20],[],[],[5],[],[]]]},"4":{"recourses":3,"status":"FEASIBLE","total_costs":1312.50024984615,"tours":[[[12,-1,19],[14,11],[20,24,25],[14,11],[13,7],[19,26,-1,19],[13,3],[15],[27],[],[],[]],[[10,17,16,4],[],[20,24,25],[21],[6],[21],[10,17,4],[16,17],[],[1],[],[]],[[29],[],[20,24,25],[27],[23],[],[28],[],[],[],[],[]],[[],[2,18],[24,25],[2,26],[12,9,-1,12],[8],[18],[0,-1,22],[8],[],[],[]],[[20],[],[20,24,25],[20,26,-1,19],[28],[27],[20,5,23],[],[],[5],[],[]]]},"5":{"recourses":4,"status":"FEASIBLE","total_costs":1341.91462984615,"tours":[[[12,-1,19],[14,11],[20,24,25],[14,11],[13,7],[26,-1,19],[13,3,19],[15],[27,-1,3],[],[],[]],[[10,17,16,4],[],[20,24,25],[21],[6],[21],[10,17,4],[16,17],[],[6,1],[],[]],[[29],[],[20,24,25],[27],[23],[],[28],[],[],[],[],[]],[[],[2,18],[24,25],[2,26],[12,-1,9],[8],[18],[0,-1,22],[8],[],[],[]],[[20],[],[20,24,25],[26,-1,19],[28],[27],[20,5,23],[],[],[5],[],[]]]},"6":{"recourses":3,"status":"FEASIBLE","total_costs":1320.38511384615,"tours":[[[19,-1,12],[14,11],[20,24,25],[14,11],[7,-1,19],[19,26],[13,3],[15],[27],[],[],[]],[[10,17,16,4],[],[20,24,25],[21],[6],[21],[10,17,4],[16,17],[],[1],[],[]],[[29],[],[20,24,25],[27],[23],[],[28],[],[],[],[],[]],[[],[2,18],[24,25],[2,26],[12,-1,12,9],[8],[18],[22,-1,0],[8],[],[],[]],[[20],[],[20,24,25],[26,-1,19],[28],[27],[20,5,23],[5],[],[5],[],[]]]},"7":{"recourses":0,"status":"FEASIBLE","total_costs":1303.13442584615,"tours":[[[19,-1,12],[14,11],[20,24,25],[14,11],[7],[19,26,-1,19],[13,3],[15],[27],[],[],[]],[[10,17,16,4],[],[20,24,25],[21],[6],[21],[10,17,4],[16,17],[],[1],[],[]],[[29],[],[20,24,25],[27],[23],[],[28],[],[],[],[],[]],[[],[2,18],[24,25],[2,26],[12,-1,9],[8],[18],[22,-1,0],[8],[],[],[]],[[20],[],[20,24,25],[26,-1,19],[28],[27],[20,5,23],[],[],[5],[],[]]]},"8":{"recourses":4,"status":"FEASIBLE","total_costs":1334.00650184615,"tours":[[[19,-1,12],[7,11,14],[20,24,25],[14,11],[7,19],[19,26,-1,13],[13,3],[15],[27],[],[],[]],[[10,17,16,4],[],[20,24,25],[21],[6],[21],[10,17,4],[16,17],[],[1],[],[]],[[29],[],[20,24,25],[27],[23],[],[28],[],[],[],[],[]],[[],[2,18],[24,25,-1,12],[2,26],[2,-1,12,9],[8],[18],[22,-1,0],[8],[],[],[]],[[20],[],[20,24,25],[26,-1,19],[28],[27],[20,5,23],[],[],[5],[],[]]]},"9":{"recourses":2,"status":"FEASIBLE","total_costs":1310.90031384615,"tours":[[[19,-1,12],[14,11],[20,24,25],[14,11],[13,7],[19,26,-1,19],[13,3],[15],[27],[],[],[]],[[10,17,16,4],[],[20,24,25],[21],[6],[21],[10,17,4],[16,17],[],[1],[],[]],[[29],[],[20,24,25],[27],[23],[],[28],[],[],[],[],[]],[[],[2,18],[24,25],[2,26],[12,-1,9],[8],[18],[0,-1,22],[8],[],[],[]],[[20],[],[20,24,25],[26,-1,19],[28],[20,27],[20,5,23],[],[],[5],[],[]]]},"original_tours":[[[19,-1,12],[14,11],[20,24,25],[14,11],[7],[19,26,-1,19],[13,3],[15],[27],[],[],[]],[[16,17,10,4],[],[20,24,25],[21],[6],[21],[17,10,4],[17,16],[],[1],[],[]],[[29],[],[20,24,25],[27],[23],[],[28],[],[],[],[],[]],[[],[18,2],[24,25],[2,26],[12,-1,9],[8],[18],[22,-1,0],[8],[],[],[]],[[20],[],[20,24,25],[26,-1,19],[28],[27],[5,20,23],[],[],[5],[],[]]]}