{"0226_no_split":{"recourses":0,"status":"FEASIBLE","total_costs":963.618327692308,"tours":[[[12,7,11,19],[],[20,24,25,-1,19],[27,-1,11],[12,26],[],[3,15],[14,19],[13,7],[],[],[]],[[],[10,17,4],[20,24,25],[],[6],[],[10,17,-1,21],[],[4,16],[1],[],[]],[[29],[],[20,24,25],[],[],[],[28],[27,23],[],[],[],[]],[[],[2,18],[24,25],[22,0,9],[],[],[8,-1,18],[],[2,26],[],[],[]],[[20],[],[20,24,25],[27,23,-1,19],[20,28],[],[5,26],[],[],[],[],[]]]},"0226_split":{"recourses":0,"status":"FEASIBLE","total_costs":963.618327692308,"tours":[[[12,7,11,19],[],[20,24,25,-1,19],[27,-1,11],[12,26],[],[3,15],[14,19],[13,7],[],[],[]],[[],[10,17,4],[20,24,25],[],[6],[],[10,17,-1,21],[],[4,16],[1],[],[]],[[29],[],[20,24,25],[],[],[],[28],[27,23],[],[],[],[]],[[],[2,18],[24,25],[22,0,9],[],[],[8,-1,18],[],[2,26],[],[],[]],[[20],[],[20,24,25],[27,23,-1,19],[20,28],[],[5,26],[],[],[],[],[]]]},"max_no_split":{"status":"INFEASIBLE"},"max_split":{"status":"INFEASIBLE"},"median_no_split":{"recourses":2,"status":"FEASIBLE","total_costs":984.551875692308,"tours":[[[12,7,11,19],[],[20,24,25,-1,19],[27,-1,11],[12,26],[],[3,15],[14,19],[13,7],[],[],[]],[[],[21,10,17,4],[20,24,25],[],[6],[],[10,17,-1,21],[],[4,16],[1],[],[]],[[29],[],[20,24,25],[],[],[],[28],[27,23],[],[],[],[]],[[],[2,18],[24,25],[22,0,9],[],[],[8,-1,18],[],[2,26,-1,9],[],[],[]],[[20],[],[20,24,25],[27,23,-1,19],[20,28],[],[5,26],[],[],[],[],[]]]},"median_split":{"recourses":6,"status":"FEASIBLE","total_costs":1027.18687169231,"tours":[[[12,7,11,19],[],[20,24,25,-1,19],[27,-1,11],[26,-1,12],[],[3,15],[14,19],[13,7],[],[],[]],[[],[21,10,17,4],[20,24,25],[],[6],[],[10,17,-1,21],[],[4,16],[1],[],[]],[[29],[],[20,24,25],[],[],[],[28],[27,23],[],[],[],[]],[[],[2,18],[24,25],[22,0,9],[8],[],[8,18,22],[],[26,-1,2],[],[],[]],[[20],[],[20,24,25],[27,23,-1,19],[20,28],[],[5,26],[],[],[],[],[]]]},"original_no_split":{"recourses":3,"status":"FEASIBLE","total_costs":994.242999692308,"tours":[[[12,7,11,19],[],[20,24,25,-1,19],[27,-1,11],[12,26],[],[3,15],[14,19,-1,14],[12,7,13],[],[],[]],[[],[10,17,4],[20,24,25],[],[6],[],[10,17,-1,21],[],[4,16],[1],[],[]],[[29],[],[20,24,25],[],[],[],[28],[27,23],[],[],[],[]],[[],[2,18],[24,25],[22,0,9],[],[],[8,-1,18],[],[2,26],[],[],[]],[[20],[],[20,24,25],[27,23,-1,19],[20,28],[],[5,26],[],[5],[],[],[]]]},"original_split":{"recourses":4,"status":"FEASIBLE","total_costs":984.179079692308,"tours":[[[12,7,11,19],[],[20,24,25,-1,19],[27,-1,11],[12,26],[],[3,15],[14,19],[12,7,13],[14],[],[]],[[],[10,17,4],[20,24,25],[],[6],[],[21,10,17],[],[4,16],[1],[],[]],[[29],[],[20,24,25],[],[],[],[28],[27,23],[],[],[],[]],[[],[2,18],[24,25],[22,0,9],[],[],[8,-1,18],[],[2,26],[],[],[]],[[20],[],[20,24,25],[27,23,-1,19],[20,28],[],[5,26],[],[],[5],[],[]]]},"original_tours":[[[12,7,11,19],[],[20,24,25,-1,19],[27,-1,11],[12,26],[],[3,15],[14,19],[13,7],[],[],[]],[[],[10,17,4],[20,24,25],[],[6],[],[10,17,-1,21],[],[4,16],[1],[],[]],[[29],[],[20,24,25],[],[],[],[28],[27,23],[],[],[],[]],[[],[2,18],[24,25],[22,0,9],[],[],[8,-1,18],[],[2,26],[],[],[]],[[20],[],[20,24,25],[27,23,-1,19],[20,28],[],[5,26],[],[],[],[],[]]],"q95_no_split":{"status":"INFEASIBLE"},"q95_split":{"status":"INFEASIBLE"},"recent_no_split":{"recourses":8,"status":"FEASIBLE","total_costs":1215.84429584615,"tours":[[[12,7,11,19],[14],[20,24,25,-1,19],[27,-1,11],[12,26],[],[3,15],[14,19],[13,7,3],[],[],[]],[[17],[21,10,17,4],[20,24,25],[],[6],[],[10,17,-1,21],[],[4,16],[1],[6],[]],[[29],[],[20,24,25],[],[],[],[28],[27,23],[],[],[],[]],[[],[2,18],[24,25],[22,0,9],[],[],[8,18],[22],[2,26],[],[],[]],[[20],[],[20,24,25],[27,23,-1,19],[20,28],[],[5,26],[5],[],[],[],[]]]},"recent_split":{"recourses":8,"status":"FEASIBLE","total_costs":1198.13977384615,"tours":[[[12,7,11,19],[],[20,24,25,-1,19],[27,-1,11],[12,26],[],[3,15],[14,19],[13,7],[3],[14],[]],[[],[10,17,4],[20,24,25],[],[6,21],[],[10,17,-1,21],[],[4,16],[10,1],[6],[]],[[29],[],[20,24,25],[],[],[],[28],[27,23],[],[],[],[]],[[],[22,18,2],[24,25],[22,0,9],[],[],[8,18],[],[2,26],[],[],[]],[[20],[],[20,24,25],[27,23,-1,19],[20,28],[],[5,26],[],[],[5],[],[]]]}}